match_url,new_home_prob_softmax,original_home_prob_softmax,result,desc,delta,,better?,Count,
https://www.premierleague.com/match/12301,0.477905648,0.50422115,0,home_win,-0.026315502,,No,Yes:,127
https://www.premierleague.com/match/12469,0.450172191,0.518470341,0,home_win,-0.068298151,,No,No:,146
https://www.premierleague.com/match/12494,0.487130343,0.507253241,0,home_win,-0.020122898,,No,Drawed:,107
https://www.premierleague.com/match/12466,0.382518994,0.536090873,1,away_win,-0.153571879,,Yes,,
https://www.premierleague.com/match/12257,0.382835549,0.54265606,2,draw,-0.159820511,,Drawed,,
https://www.premierleague.com/match/12126,0.531260423,0.498541254,1,away_win,0.032719169,,No,,
https://www.premierleague.com/match/12207,0.5033512,0.49985875,0,home_win,0.00349245,,Yes,,
https://www.premierleague.com/match/12123,0.496917539,0.504244898,1,away_win,-0.007327359,,Yes,,
https://www.premierleague.com/match/12487,0.489721448,0.506159688,0,home_win,-0.01643824,,No,,
https://www.premierleague.com/match/12421,0.511313069,0.495262642,2,draw,0.016050427,,Drawed,,
https://www.premierleague.com/match/12162,0.50027125,0.502118737,0,home_win,-0.001847487,,No,,
https://www.premierleague.com/match/12459,0.486898,0.493736578,2,draw,-0.006838578,,Drawed,,
https://www.premierleague.com/match/12192,0.4995925,0.49935125,0,home_win,0.00024125,,Yes,,
https://www.premierleague.com/match/12176,0.479336775,0.5001025,0,home_win,-0.020765725,,No,,
https://www.premierleague.com/match/12237,0.498238757,0.50070875,1,away_win,-0.002469992,,Yes,,
https://www.premierleague.com/match/12132,0.518064634,0.490802288,1,away_win,0.027262346,,No,,
https://www.premierleague.com/match/12347,0.549548099,0.497600018,0,home_win,0.051948081,,Yes,,
https://www.premierleague.com/match/12486,0.457419636,0.506515881,2,draw,-0.049096245,,Drawed,,
https://www.premierleague.com/match/12470,0.496393813,0.5006675,2,draw,-0.004273687,,Drawed,,
https://www.premierleague.com/match/12285,0.383587175,0.525848186,2,draw,-0.142261011,,Drawed,,
https://www.premierleague.com/match/12319,0.496387563,0.497113782,2,draw,-0.000726219,,Drawed,,
https://www.premierleague.com/match/12381,0.502269984,0.49935125,0,home_win,0.002918734,,Yes,,
https://www.premierleague.com/match/12401,0.541467035,0.495877593,1,away_win,0.045589441,,No,,
https://www.premierleague.com/match/12140,0.498118759,0.502571227,1,away_win,-0.004452468,,Yes,,
https://www.premierleague.com/match/12228,0.503334951,0.493841561,0,home_win,0.009493389,,Yes,,
https://www.premierleague.com/match/12340,0.484845893,0.501371247,0,home_win,-0.016525354,,No,,
https://www.premierleague.com/match/12490,0.484365099,0.49978,0,home_win,-0.015414901,,No,,
https://www.premierleague.com/match/12200,0.492065666,0.503859923,2,draw,-0.011794257,,Drawed,,
https://www.premierleague.com/match/12333,0.518366732,0.493565355,2,draw,0.024801377,,Drawed,,
https://www.premierleague.com/match/12188,0.516285487,0.502053738,0,home_win,0.014231749,,Yes,,
https://www.premierleague.com/match/12399,0.472673506,0.5042224,2,draw,-0.031548893,,Drawed,,
https://www.premierleague.com/match/12364,0.476743044,0.501056248,2,draw,-0.024313204,,Drawed,,
https://www.premierleague.com/match/12348,0.487832403,0.508173022,0,home_win,-0.020340619,,No,,
https://www.premierleague.com/match/12489,0.501817492,0.503521192,0,home_win,-0.0017037,,No,,
https://www.premierleague.com/match/12416,0.511020715,0.503286203,0,home_win,0.007734512,,Yes,,
https://www.premierleague.com/match/12371,0.511449248,0.497425023,1,away_win,0.014024226,,No,,
https://www.premierleague.com/match/12320,0.491547055,0.50197249,2,draw,-0.010425434,,Drawed,,
https://www.premierleague.com/match/12279,0.543491066,0.489950104,1,away_win,0.053540963,,No,,
https://www.premierleague.com/match/12216,0.540262635,0.491754498,2,draw,0.048508137,,Drawed,,
https://www.premierleague.com/match/12157,0.497100033,0.498368756,0,home_win,-0.001268723,,No,,
https://www.premierleague.com/match/12287,0.470504287,0.510326032,2,draw,-0.039821745,,Drawed,,
https://www.premierleague.com/match/12474,0.51098948,0.501342497,0,home_win,0.009646983,,Yes,,
https://www.premierleague.com/match/12465,0.499032501,0.497477521,0,home_win,0.00155498,,Yes,,
https://www.premierleague.com/match/12244,0.528019365,0.49956125,1,away_win,0.028458114,,No,,
https://www.premierleague.com/match/12120,0.509310174,0.498320006,1,away_win,0.010990167,,No,,
https://www.premierleague.com/match/12250,0.50037375,0.496716297,0,home_win,0.003657453,,Yes,,
https://www.premierleague.com/match/12305,0.475937353,0.510542187,0,home_win,-0.034604835,,No,,
https://www.premierleague.com/match/12321,0.504709861,0.506969549,0,home_win,-0.002259688,,No,,
https://www.premierleague.com/match/12208,0.515978308,0.498736253,1,away_win,0.017242055,,No,,
https://www.premierleague.com/match/12455,0.545486391,0.491682017,1,away_win,0.053804373,,No,,
https://www.premierleague.com/match/12346,0.50949011,0.506028458,1,away_win,0.003461652,,No,,
https://www.premierleague.com/match/12163,0.542286248,0.494523969,1,away_win,0.047762279,,No,,
https://www.premierleague.com/match/12310,0.523046159,0.49181948,1,away_win,0.031226679,,No,,
https://www.premierleague.com/match/12374,0.494830184,0.498848752,1,away_win,-0.004018568,,Yes,,
https://www.premierleague.com/match/12230,0.515486295,0.497836264,1,away_win,0.017650032,,No,,
https://www.premierleague.com/match/12447,0.431352528,0.535181765,2,draw,-0.103829237,,Drawed,,
https://www.premierleague.com/match/12484,0.498267507,0.497357525,0,home_win,0.000909982,,Yes,,
https://www.premierleague.com/match/12478,0.498457505,0.502753722,0,home_win,-0.004296217,,No,,
https://www.premierleague.com/match/12444,0.48472975,0.506093448,1,away_win,-0.021363698,,Yes,,
https://www.premierleague.com/match/12127,0.487070383,0.504401136,1,away_win,-0.017330753,,Yes,,
https://www.premierleague.com/match/12186,0.512900886,0.501653744,2,draw,0.011247142,,Drawed,,
https://www.premierleague.com/match/12442,0.487708727,0.496640051,0,home_win,-0.008931324,,No,,
https://www.premierleague.com/match/12148,0.476444949,0.501483746,1,away_win,-0.025038797,,Yes,,
https://www.premierleague.com/match/12292,0.505848483,0.496213822,0,home_win,0.009634661,,Yes,,
https://www.premierleague.com/match/12493,0.459762203,0.5048311,2,draw,-0.045068896,,Drawed,,
https://www.premierleague.com/match/12393,0.487747453,0.503689933,2,draw,-0.01594248,,Drawed,,
https://www.premierleague.com/match/12180,0.483006548,0.506874567,0,home_win,-0.023868019,,No,,
https://www.premierleague.com/match/12311,0.49451147,0.497117532,0,home_win,-0.002606061,,No,,
https://www.premierleague.com/match/12394,0.406696226,0.53787605,1,away_win,-0.131179824,,Yes,,
https://www.premierleague.com/match/12198,0.463978763,0.504676114,0,home_win,-0.040697351,,No,,
https://www.premierleague.com/match/12382,0.477395419,0.503331201,0,home_win,-0.025935782,,No,,
https://www.premierleague.com/match/12485,0.479177051,0.507549426,0,home_win,-0.028372375,,No,,
https://www.premierleague.com/match/12210,0.635146551,0.455424907,0,home_win,0.179721644,,Yes,,
https://www.premierleague.com/match/12229,0.510838302,0.499495,0,home_win,0.011343302,,Yes,,
https://www.premierleague.com/match/12204,0.508916555,0.50194749,1,away_win,0.006969064,,No,,
https://www.premierleague.com/match/12246,0.512416197,0.498203758,2,draw,0.014212439,,Drawed,,
https://www.premierleague.com/match/12168,0.366723263,0.546243714,1,away_win,-0.179520451,,Yes,,
https://www.premierleague.com/match/12461,0.485658935,0.50986372,0,home_win,-0.024204786,,No,,
https://www.premierleague.com/match/12238,0.491334618,0.495097657,1,away_win,-0.003763039,,Yes,,
https://www.premierleague.com/match/12130,0.512122624,0.494741444,2,draw,0.01738118,,Drawed,,
https://www.premierleague.com/match/12482,0.504816101,0.493862808,2,draw,0.010953293,,Drawed,,
https://www.premierleague.com/match/12283,0.50310371,0.496052582,0,home_win,0.007051128,,Yes,,
https://www.premierleague.com/match/12115,0.525031556,0.496218822,1,away_win,0.028812734,,No,,
https://www.premierleague.com/match/12260,0.469642386,0.502708724,1,away_win,-0.033066338,,Yes,,
https://www.premierleague.com/match/12277,0.458012863,0.517947286,1,away_win,-0.059934423,,Yes,,
https://www.premierleague.com/match/12218,0.522123046,0.492268116,2,draw,0.02985493,,Drawed,,
https://www.premierleague.com/match/12171,0.51421242,0.500919999,2,draw,0.013292421,,Drawed,,
https://www.premierleague.com/match/12240,0.469013511,0.505887228,2,draw,-0.036873717,,Drawed,,
https://www.premierleague.com/match/12142,0.51696099,0.491278385,2,draw,0.025682605,,Drawed,,
https://www.premierleague.com/match/12173,0.52066572,0.493760324,1,away_win,0.026905396,,No,,
https://www.premierleague.com/match/12380,0.634774536,0.468382245,0,home_win,0.166392291,,Yes,,
https://www.premierleague.com/match/12193,0.513474237,0.50039,2,draw,0.013084237,,Drawed,,
https://www.premierleague.com/match/12392,0.634859151,0.456440704,0,home_win,0.178418447,,Yes,,
https://www.premierleague.com/match/12209,0.491284633,0.505453534,1,away_win,-0.014168901,,Yes,,
https://www.premierleague.com/match/12335,0.561690327,0.494255253,1,away_win,0.067435074,,No,,
https://www.premierleague.com/match/12330,0.507630658,0.502408731,0,home_win,0.005221926,,Yes,,
https://www.premierleague.com/match/12213,0.513739041,0.502524979,2,draw,0.011214062,,Drawed,,
https://www.premierleague.com/match/12273,0.476658229,0.506984546,1,away_win,-0.030326317,,Yes,,
https://www.premierleague.com/match/12165,0.523520129,0.498303757,1,away_win,0.025216372,,No,,
https://www.premierleague.com/match/12159,0.501539995,0.498525004,0,home_win,0.003014991,,Yes,,
https://www.premierleague.com/match/12472,0.524434271,0.494012786,2,draw,0.030421485,,Drawed,,
https://www.premierleague.com/match/12118,0.524547748,0.501784992,0,home_win,0.022762756,,Yes,,
https://www.premierleague.com/match/12400,0.47416054,0.494646455,1,away_win,-0.020485914,,Yes,,
https://www.premierleague.com/match/12296,0.485795074,0.501223748,2,draw,-0.015428674,,Drawed,,
https://www.premierleague.com/match/12378,0.480454964,0.50042875,2,draw,-0.019973786,,Drawed,,
https://www.premierleague.com/match/12410,0.470106943,0.502203736,1,away_win,-0.032096793,,Yes,,
https://www.premierleague.com/match/12261,0.489658975,0.501786242,0,home_win,-0.012127268,,No,,
https://www.premierleague.com/match/12361,0.503403697,0.49937,2,draw,0.004033697,,Drawed,,
https://www.premierleague.com/match/12234,0.475454746,0.497813764,1,away_win,-0.022359018,,Yes,,
https://www.premierleague.com/match/12369,0.41642296,0.526040168,2,draw,-0.109617208,,Drawed,,
https://www.premierleague.com/match/12359,0.409925104,0.532458041,0,home_win,-0.122532936,,No,,
https://www.premierleague.com/match/12360,0.492301858,0.503334951,1,away_win,-0.011033092,,Yes,,
https://www.premierleague.com/match/12358,0.54700454,0.490383686,0,home_win,0.056620854,,Yes,,
https://www.premierleague.com/match/12449,0.538622904,0.491173417,2,draw,0.047449487,,Drawed,,
https://www.premierleague.com/match/12135,0.501827492,0.498568754,0,home_win,0.003258738,,Yes,,
https://www.premierleague.com/match/12366,0.457012638,0.512235057,0,home_win,-0.055222419,,No,,
https://www.premierleague.com/match/12267,0.473851378,0.501139998,0,home_win,-0.02728862,,No,,
https://www.premierleague.com/match/12235,0.480447476,0.505734749,0,home_win,-0.025287273,,No,,
https://www.premierleague.com/match/12375,0.50012125,0.5069633,0,home_win,-0.00684205,,No,,
https://www.premierleague.com/match/12454,0.478900039,0.49994625,1,away_win,-0.021046211,,Yes,,
https://www.premierleague.com/match/12282,0.403911103,0.534196531,2,draw,-0.130285427,,Drawed,,
https://www.premierleague.com/match/12386,0.544451084,0.488458301,1,away_win,0.055992783,,No,,
https://www.premierleague.com/match/12264,0.504321142,0.499127501,2,draw,0.005193642,,Drawed,,
https://www.premierleague.com/match/12450,0.485209316,0.499211251,0,home_win,-0.014001934,,No,,
https://www.premierleague.com/match/12451,0.496376313,0.507020789,0,home_win,-0.010644475,,No,,
https://www.premierleague.com/match/12243,0.359471205,0.537551657,0,home_win,-0.178080451,,No,,
https://www.premierleague.com/match/12430,0.48607735,0.501269997,0,home_win,-0.015192647,,No,,
https://www.premierleague.com/match/12436,0.469880262,0.496812543,1,away_win,-0.026932281,,Yes,,
https://www.premierleague.com/match/12350,0.516442819,0.494936423,1,away_win,0.021506396,,No,,
https://www.premierleague.com/match/12255,0.45817298,0.506328412,0,home_win,-0.048155432,,No,,
https://www.premierleague.com/match/12463,0.496137577,0.493502866,0,home_win,0.002634711,,Yes,,
https://www.premierleague.com/match/12298,0.506250924,0.49955625,2,draw,0.006694674,,Drawed,,
https://www.premierleague.com/match/12190,0.495612613,0.493814066,1,away_win,0.001798547,,No,,
https://www.premierleague.com/match/12247,0.500515,0.504443633,0,home_win,-0.003928633,,No,,
https://www.premierleague.com/match/12367,0.524689903,0.504841099,1,away_win,0.019848804,,No,,
https://www.premierleague.com/match/12147,0.475460981,0.50926269,1,away_win,-0.03380171,,Yes,,
https://www.premierleague.com/match/12344,0.481804289,0.499765,1,away_win,-0.017960711,,Yes,,
https://www.premierleague.com/match/12156,0.520096667,0.493566605,1,away_win,0.026530062,,No,,
https://www.premierleague.com/match/12328,0.4424709,0.504244898,0,home_win,-0.061773998,,No,,
https://www.premierleague.com/match/12272,0.479828454,0.502037489,2,draw,-0.022209035,,Drawed,,
https://www.premierleague.com/match/12139,0.504791103,0.498191258,2,draw,0.006599845,,Drawed,,
https://www.premierleague.com/match/12391,0.475908669,0.509934942,0,home_win,-0.034026273,,No,,
https://www.premierleague.com/match/12236,0.506624612,0.501203748,0,home_win,0.005420865,,Yes,,
https://www.premierleague.com/match/12370,0.505937221,0.489276645,0,home_win,0.016660576,,Yes,,
https://www.premierleague.com/match/12129,0.475772737,0.501444996,2,draw,-0.025672259,,Drawed,,
https://www.premierleague.com/match/12141,0.510709612,0.499077501,1,away_win,0.011632111,,No,,
https://www.premierleague.com/match/12426,0.530380031,0.498573754,0,home_win,0.031806278,,Yes,,
https://www.premierleague.com/match/12134,0.483087704,0.502167486,0,home_win,-0.019079782,,No,,
https://www.premierleague.com/match/12174,0.483647084,0.506180935,0,home_win,-0.022533851,,No,,
https://www.premierleague.com/match/12293,0.53049336,0.504372389,0,home_win,0.026120971,,Yes,,
https://www.premierleague.com/match/12164,0.523432821,0.495850095,0,home_win,0.027582726,,Yes,,
https://www.premierleague.com/match/12268,0.518007209,0.491010969,2,draw,0.02699624,,Drawed,,
https://www.premierleague.com/match/12158,0.493376637,0.507002042,0,home_win,-0.013625405,,No,,
https://www.premierleague.com/match/12266,0.517567765,0.50406491,0,home_win,0.013502855,,Yes,,
https://www.premierleague.com/match/12143,0.532519032,0.491308376,1,away_win,0.041210656,,No,,
https://www.premierleague.com/match/12276,0.470950253,0.501416246,1,away_win,-0.030465994,,Yes,,
https://www.premierleague.com/match/12169,0.499021251,0.505887228,1,away_win,-0.006865977,,Yes,,
https://www.premierleague.com/match/12457,0.485145623,0.503388698,0,home_win,-0.018243076,,No,,
https://www.premierleague.com/match/12422,0.507671898,0.502778721,0,home_win,0.004893176,,Yes,,
https://www.premierleague.com/match/12397,0.518134542,0.501002499,2,draw,0.017132043,,Drawed,,
https://www.premierleague.com/match/12324,0.455287263,0.503461195,1,away_win,-0.048173932,,Yes,,
https://www.premierleague.com/match/12177,0.479709899,0.50690831,0,home_win,-0.027198412,,No,,
https://www.premierleague.com/match/12137,0.497785014,0.500897499,2,draw,-0.003112485,,Drawed,,
https://www.premierleague.com/match/12396,0.498181258,0.501693744,1,away_win,-0.003512485,,Yes,,
https://www.premierleague.com/match/12460,0.479002357,0.505091074,2,draw,-0.026088717,,Drawed,,
https://www.premierleague.com/match/12387,0.478107756,0.495722604,2,draw,-0.017614848,,Drawed,,
https://www.premierleague.com/match/12124,0.520759309,0.493894054,1,away_win,0.026865256,,No,,
https://www.premierleague.com/match/12349,0.539873897,0.491400848,1,away_win,0.048473049,,No,,
https://www.premierleague.com/match/12462,0.474808847,0.505098573,0,home_win,-0.030289726,,No,,
https://www.premierleague.com/match/12356,0.479718634,0.504684863,2,draw,-0.024966229,,Drawed,,
https://www.premierleague.com/match/12438,0.501526245,0.502131237,2,draw,-0.000604992,,Drawed,,
https://www.premierleague.com/match/12448,0.530769818,0.495550117,1,away_win,0.035219701,,No,,
https://www.premierleague.com/match/12263,0.514394771,0.496977537,0,home_win,0.017417234,,Yes,,
https://www.premierleague.com/match/12119,0.523352997,0.498378756,0,home_win,0.024974241,,Yes,,
https://www.premierleague.com/match/12300,0.535220323,0.491683267,1,away_win,0.043537056,,No,,
https://www.premierleague.com/match/12116,0.465702695,0.504518627,2,draw,-0.038815932,,Drawed,,
https://www.premierleague.com/match/12420,0.517283112,0.497888763,1,away_win,0.019394349,,No,,
https://www.premierleague.com/match/12270,0.600696971,0.468764479,2,draw,0.131932492,,Drawed,,
https://www.premierleague.com/match/12341,0.469282483,0.505468532,2,draw,-0.036186049,,Drawed,,
https://www.premierleague.com/match/12390,0.506950802,0.509240198,0,home_win,-0.002289396,,No,,
https://www.premierleague.com/match/12175,0.54001673,0.494259002,1,away_win,0.045757727,,No,,
https://www.premierleague.com/match/12476,0.528333364,0.490659837,0,home_win,0.037673528,,Yes,,
https://www.premierleague.com/match/12414,0.48607735,0.497310026,1,away_win,-0.011232676,,Yes,,
https://www.premierleague.com/match/12384,0.511564187,0.493446625,0,home_win,0.018117562,,Yes,,
https://www.premierleague.com/match/12480,0.472310857,0.501354997,1,away_win,-0.029044139,,Yes,,
https://www.premierleague.com/match/12249,0.487506351,0.496017584,0,home_win,-0.008511233,,No,,
https://www.premierleague.com/match/12215,0.497640018,0.501904991,1,away_win,-0.004264973,,Yes,,
https://www.premierleague.com/match/12274,0.554008466,0.4930392,0,home_win,0.060969267,,Yes,,
https://www.premierleague.com/match/12181,0.499038751,0.504494879,0,home_win,-0.005456128,,No,,
https://www.premierleague.com/match/12226,0.516427835,0.504323642,0,home_win,0.012104193,,Yes,,
https://www.premierleague.com/match/12464,0.523643603,0.490547376,2,draw,0.033096227,,Drawed,,
https://www.premierleague.com/match/12428,0.47996698,0.50311246,1,away_win,-0.02314548,,Yes,,
https://www.premierleague.com/match/12122,0.487352698,0.501088748,2,draw,-0.01373605,,Drawed,,
https://www.premierleague.com/match/12281,0.493990289,0.500877499,1,away_win,-0.00688721,,Yes,,
https://www.premierleague.com/match/12467,0.477193337,0.505404789,2,draw,-0.028211453,,Drawed,,
https://www.premierleague.com/match/12220,0.39861483,0.528156431,0,home_win,-0.129541601,,No,,
https://www.premierleague.com/match/12313,0.538657695,0.494735195,1,away_win,0.0439225,,No,,
https://www.premierleague.com/match/12280,0.445220765,0.505199813,1,away_win,-0.059979048,,Yes,,
https://www.premierleague.com/match/12184,0.49752877,0.5000225,1,away_win,-0.00249373,,Yes,,
https://www.premierleague.com/match/12253,0.493387885,0.4998675,2,draw,-0.006479615,,Drawed,,
https://www.premierleague.com/match/12288,0.467894235,0.498157508,0,home_win,-0.030263274,,No,,
https://www.premierleague.com/match/12357,0.453684407,0.503702432,1,away_win,-0.050018025,,Yes,,
https://www.premierleague.com/match/12351,0.473021228,0.49967625,2,draw,-0.026655022,,Drawed,,
https://www.premierleague.com/match/12194,0.52785488,0.498426255,2,draw,0.029428624,,Drawed,,
https://www.premierleague.com/match/12131,0.576708287,0.46575246,1,away_win,0.110955827,,No,,
https://www.premierleague.com/match/12441,0.497300026,0.505363544,0,home_win,-0.008063518,,No,,
https://www.premierleague.com/match/12239,0.511800308,0.49752377,1,away_win,0.014276538,,No,,
https://www.premierleague.com/match/12325,0.483884334,0.496397562,2,draw,-0.012513228,,Drawed,,
https://www.premierleague.com/match/12160,0.501381246,0.493946546,0,home_win,0.007434701,,Yes,,
https://www.premierleague.com/match/12425,0.557303366,0.463250142,2,draw,0.094053224,,Drawed,,
https://www.premierleague.com/match/12434,0.559440089,0.4646951,2,draw,0.094744989,,Drawed,,
https://www.premierleague.com/match/12225,0.502216235,0.503302452,1,away_win,-0.001086216,,Yes,,
https://www.premierleague.com/match/12233,0.528851664,0.495682607,2,draw,0.033169056,,Drawed,,
https://www.premierleague.com/match/12271,0.514354804,0.495240144,1,away_win,0.01911466,,No,,
https://www.premierleague.com/match/12149,0.485671424,0.515510022,0,home_win,-0.029838598,,No,,
https://www.premierleague.com/match/12121,0.367135581,0.536577042,1,away_win,-0.169441461,,Yes,,
https://www.premierleague.com/match/12312,0.626388664,0.468639969,0,home_win,0.157748695,,Yes,,
https://www.premierleague.com/match/12395,0.489471556,0.502586227,0,home_win,-0.01311467,,No,,
https://www.premierleague.com/match/12332,0.496043833,0.496367564,1,away_win,-0.000323731,,Yes,,
https://www.premierleague.com/match/12404,0.543692027,0.49593509,2,draw,0.047756938,,Drawed,,
https://www.premierleague.com/match/12352,0.599717941,0.474129374,0,home_win,0.125588567,,Yes,,
https://www.premierleague.com/match/12377,0.481834249,0.507493189,0,home_win,-0.02565894,,No,,
https://www.premierleague.com/match/12221,0.475050738,0.498010011,1,away_win,-0.022959273,,Yes,,
https://www.premierleague.com/match/12437,0.474280221,0.499080001,0,home_win,-0.02479978,,No,,
https://www.premierleague.com/match/12289,0.46872339,0.506048455,0,home_win,-0.037325065,,No,,
https://www.premierleague.com/match/12295,0.484890851,0.508061801,0,home_win,-0.02317095,,No,,
https://www.premierleague.com/match/12336,0.509520099,0.50038,0,home_win,0.009140099,,Yes,,
https://www.premierleague.com/match/12206,0.510032403,0.497666267,1,away_win,0.012366136,,No,,
https://www.premierleague.com/match/12138,0.527691635,0.490551125,2,draw,0.03714051,,Drawed,,
https://www.premierleague.com/match/12231,0.600247149,0.462427213,2,draw,0.137819935,,Drawed,,
https://www.premierleague.com/match/12150,0.514693268,0.495471374,1,away_win,0.019221894,,No,,
https://www.premierleague.com/match/12306,0.516809912,0.503664934,2,draw,0.013144978,,Drawed,,
https://www.premierleague.com/match/12291,0.505969716,0.497402523,0,home_win,0.008567193,,Yes,,
https://www.premierleague.com/match/12363,0.517781248,0.490456159,1,away_win,0.027325089,,No,,
https://www.premierleague.com/match/12389,0.50817927,0.496878791,0,home_win,0.01130048,,Yes,,
https://www.premierleague.com/match/12183,0.453828167,0.496330066,1,away_win,-0.042501899,,Yes,,
https://www.premierleague.com/match/12376,0.520650746,0.49644256,1,away_win,0.024208186,,No,,
https://www.premierleague.com/match/12136,0.555202799,0.495160151,2,draw,0.060042648,,Drawed,,
https://www.premierleague.com/match/12415,0.526741957,0.49592634,2,draw,0.030815617,,Drawed,,
https://www.premierleague.com/match/12453,0.526009003,0.501769993,0,home_win,0.02423901,,Yes,,
https://www.premierleague.com/match/12265,0.51333059,0.491562051,0,home_win,0.021768539,,Yes,,
https://www.premierleague.com/match/12182,0.605039981,0.461342305,2,draw,0.143697676,,Drawed,,
https://www.premierleague.com/match/12405,0.481017877,0.501489996,1,away_win,-0.020472118,,Yes,,
https://www.premierleague.com/match/12187,0.479461563,0.50373868,1,away_win,-0.024277117,,Yes,,
https://www.premierleague.com/match/12152,0.479380451,0.502992464,2,draw,-0.023612013,,Drawed,,
https://www.premierleague.com/match/12317,0.532683331,0.486443323,2,draw,0.046240007,,Drawed,,
https://www.premierleague.com/match/12191,0.397647952,0.534594638,2,draw,-0.136946685,,Drawed,,
https://www.premierleague.com/match/12242,0.51805964,0.492358095,0,home_win,0.025701545,,Yes,,
https://www.premierleague.com/match/12294,0.456933231,0.510939504,0,home_win,-0.054006273,,No,,
https://www.premierleague.com/match/12232,0.513746535,0.501393746,2,draw,0.012352789,,Drawed,,
https://www.premierleague.com/match/12223,0.489956351,0.50197874,0,home_win,-0.012022388,,No,,
https://www.premierleague.com/match/12492,0.462171177,0.502117487,2,draw,-0.03994631,,Drawed,,
https://www.premierleague.com/match/12202,0.501144998,0.49801126,0,home_win,0.003133738,,Yes,,
https://www.premierleague.com/match/12199,0.495892592,0.492690521,2,draw,0.003202072,,Drawed,,
https://www.premierleague.com/match/12491,0.525187412,0.494733945,2,draw,0.030453467,,Drawed,,
https://www.premierleague.com/match/12433,0.487022915,0.495576365,2,draw,-0.00855345,,Drawed,,
https://www.premierleague.com/match/12145,0.498671253,0.50054875,2,draw,-0.001877497,,Drawed,,
https://www.premierleague.com/match/12327,0.481302473,0.505514776,2,draw,-0.024212304,,Drawed,,
https://www.premierleague.com/match/12439,0.492598041,0.504773605,1,away_win,-0.012175564,,Yes,,
https://www.premierleague.com/match/12379,0.433404297,0.505216061,0,home_win,-0.071811764,,No,,
https://www.premierleague.com/match/12354,0.531113497,0.489742689,2,draw,0.041370808,,Drawed,,
https://www.premierleague.com/match/12365,0.502743722,0.49170826,1,away_win,0.011035462,,No,,
https://www.premierleague.com/match/12172,0.462061809,0.504904843,2,draw,-0.042843034,,Drawed,,
https://www.premierleague.com/match/12212,0.487417657,0.497577519,2,draw,-0.010159862,,Drawed,,
https://www.premierleague.com/match/12197,0.511998946,0.492653029,1,away_win,0.019345917,,No,,
https://www.premierleague.com/match/12322,0.493427879,0.504416135,0,home_win,-0.010988257,,No,,
https://www.premierleague.com/match/12443,0.517263136,0.500025,1,away_win,0.017238136,,No,,
https://www.premierleague.com/match/12189,0.473057373,0.502774972,0,home_win,-0.029717599,,No,,
https://www.premierleague.com/match/12224,0.463110901,0.504376138,0,home_win,-0.041265237,,No,,
https://www.premierleague.com/match/12432,0.527276643,0.496225072,0,home_win,0.031051571,,Yes,,
https://www.premierleague.com/match/12403,0.485287998,0.497477521,0,home_win,-0.012189523,,No,,
https://www.premierleague.com/match/12445,0.471431151,0.505082325,2,draw,-0.033651174,,Drawed,,
https://www.premierleague.com/match/12427,0.483319942,0.5060847,0,home_win,-0.022764758,,No,,
https://www.premierleague.com/match/12275,0.471865998,0.506422147,0,home_win,-0.034556149,,No,,
https://www.premierleague.com/match/12161,0.49991,0.496726297,2,draw,0.003183703,,Drawed,,
https://www.premierleague.com/match/12251,0.497762515,0.497397524,0,home_win,0.000364991,,Yes,,
https://www.premierleague.com/match/12308,0.526740711,0.490353697,0,home_win,0.036387014,,Yes,,
https://www.premierleague.com/match/12314,0.522623292,0.497346275,2,draw,0.025277018,,Drawed,,
https://www.premierleague.com/match/12144,0.502563728,0.504547375,2,draw,-0.001983647,,Drawed,,
https://www.premierleague.com/match/12185,0.493162926,0.497801264,1,away_win,-0.004638338,,Yes,,
https://www.premierleague.com/match/12166,0.488433314,0.499012501,0,home_win,-0.010579187,,No,,
https://www.premierleague.com/match/12342,0.623327276,0.468204214,2,draw,0.155123062,,Drawed,,
https://www.premierleague.com/match/12477,0.509578828,0.4966463,1,away_win,0.012932528,,No,,
https://www.premierleague.com/match/12203,0.506073451,0.497846263,0,home_win,0.008227188,,Yes,,
https://www.premierleague.com/match/12337,0.477228264,0.504452382,1,away_win,-0.027224118,,Yes,,
https://www.premierleague.com/match/12284,0.517566517,0.502709973,0,home_win,0.014856544,,Yes,,
https://www.premierleague.com/match/12435,0.470777093,0.510122367,0,home_win,-0.039345274,,No,,
https://www.premierleague.com/match/12315,0.472558851,0.497077533,0,home_win,-0.024518682,,No,,
https://www.premierleague.com/match/12473,0.507939333,0.513067024,0,home_win,-0.005127691,,No,,
https://www.premierleague.com/match/12155,0.492891729,0.505011082,0,home_win,-0.012119353,,No,,
https://www.premierleague.com/match/12479,0.477338037,0.497391274,2,draw,-0.020053237,,Drawed,,
https://www.premierleague.com/match/12133,0.507955579,0.49755377,0,home_win,0.010401809,,Yes,,
https://www.premierleague.com/match/12297,0.493635344,0.49992875,1,away_win,-0.006293406,,Yes,,
https://www.premierleague.com/match/12481,0.517576505,0.493150429,0,home_win,0.024426076,,Yes,,
https://www.premierleague.com/match/12475,0.539414305,0.485440367,1,away_win,0.053973937,,No,,
https://www.premierleague.com/match/12413,0.471974405,0.503301202,1,away_win,-0.031326797,,Yes,,
https://www.premierleague.com/match/12259,0.522390016,0.495430127,0,home_win,0.026959889,,Yes,,
https://www.premierleague.com/match/12334,0.516040743,0.504677364,0,home_win,0.01136338,,Yes,,
https://www.premierleague.com/match/12411,0.502538728,0.501319997,0,home_win,0.001218731,,Yes,,
https://www.premierleague.com/match/12196,0.403742578,0.545583082,1,away_win,-0.141840504,,Yes,,
https://www.premierleague.com/match/12458,0.514720744,0.49982875,0,home_win,0.014891994,,Yes,,
https://www.premierleague.com/match/12252,0.526310675,0.490468655,2,draw,0.03584202,,Drawed,,
https://www.premierleague.com/match/12304,0.510498457,0.497290027,1,away_win,0.01320843,,No,,
https://www.premierleague.com/match/12488,0.524512833,0.490682329,0,home_win,0.033830504,,Yes,,
https://www.premierleague.com/match/12353,0.473861351,0.503516192,0,home_win,-0.029654841,,No,,
https://www.premierleague.com/match/12406,0.528317166,0.496273819,1,away_win,0.032043347,,No,,
https://www.premierleague.com/match/12286,0.452367386,0.499086251,2,draw,-0.046718865,,Drawed,,
https://www.premierleague.com/match/12423,0.523244483,0.486467056,2,draw,0.036777427,,Drawed,,
https://www.premierleague.com/match/12219,0.518170744,0.496630051,1,away_win,0.021540693,,No,,
https://www.premierleague.com/match/12408,0.37570588,0.539928547,2,draw,-0.164222667,,Drawed,,
https://www.premierleague.com/match/12339,0.498955002,0.502441231,2,draw,-0.003486229,,Drawed,,
https://www.premierleague.com/match/12299,0.531971319,0.494941423,0,home_win,0.037029897,,Yes,,
https://www.premierleague.com/match/12316,0.404978153,0.525885586,1,away_win,-0.120907433,,Yes,,
https://www.premierleague.com/match/12407,0.513797746,0.505759745,0,home_win,0.008038001,,Yes,,
https://www.premierleague.com/match/12128,0.506542127,0.5002725,0,home_win,0.006269627,,Yes,,
https://www.premierleague.com/match/12201,0.520262647,0.490668584,1,away_win,0.029594063,,No,,
https://www.premierleague.com/match/12153,0.48642084,0.507182006,0,home_win,-0.020761166,,No,,
https://www.premierleague.com/match/12440,0.489297885,0.50006875,2,draw,-0.010770865,,Drawed,,
https://www.premierleague.com/match/12211,0.544023209,0.494051531,1,away_win,0.049971679,,No,,
https://www.premierleague.com/match/12318,0.478392217,0.507866851,2,draw,-0.029474634,,Drawed,,
https://www.premierleague.com/match/12222,0.507761876,0.5007025,0,home_win,0.007059377,,Yes,,
https://www.premierleague.com/match/12338,0.544758617,0.492914224,1,away_win,0.051844392,,No,,
https://www.premierleague.com/match/12117,0.477596261,0.508089294,2,draw,-0.030493033,,Drawed,,
https://www.premierleague.com/match/12471,0.49609008,0.503033713,2,draw,-0.006943633,,Drawed,,
https://www.premierleague.com/match/12205,0.491488322,0.505109822,0,home_win,-0.0136215,,No,,
https://www.premierleague.com/match/12256,0.469547737,0.508462942,1,away_win,-0.038915205,,Yes,,
https://www.premierleague.com/match/12262,0.535670549,0.494567714,2,draw,0.041102835,,Drawed,,
https://www.premierleague.com/match/12245,0.497031285,0.503613687,1,away_win,-0.006582402,,Yes,,
https://www.premierleague.com/match/12398,0.485796323,0.504683613,0,home_win,-0.01888729,,No,,
https://www.premierleague.com/match/12258,0.497322526,0.501364997,2,draw,-0.004042471,,Drawed,,
https://www.premierleague.com/match/12154,0.502978715,0.50037875,0,home_win,0.002599965,,Yes,,
https://www.premierleague.com/match/12383,0.487954831,0.50053,1,away_win,-0.012575169,,Yes,,
https://www.premierleague.com/match/12217,0.470703595,0.507570671,0,home_win,-0.036867076,,No,,
https://www.premierleague.com/match/12372,0.458171739,0.50586973,0,home_win,-0.047697991,,No,,
https://www.premierleague.com/match/12429,0.505748497,0.50375118,0,home_win,0.001997317,,Yes,,
https://www.premierleague.com/match/12329,0.401028865,0.526053881,0,home_win,-0.125025016,,No,,
https://www.premierleague.com/match/12125,0.48194785,0.4998825,1,away_win,-0.01793465,,Yes,,
https://www.premierleague.com/match/12302,0.602554428,0.468225378,0,home_win,0.13432905,,Yes,,
https://www.premierleague.com/match/12355,0.487838649,0.502096238,0,home_win,-0.014257589,,No,,
https://www.premierleague.com/match/12254,0.624862734,0.462836166,2,draw,0.162026568,,Drawed,,
https://www.premierleague.com/match/12456,0.486878014,0.504393637,2,draw,-0.017515623,,Drawed,,
https://www.premierleague.com/match/12417,0.463288683,0.507303231,0,home_win,-0.044014548,,No,,
https://www.premierleague.com/match/12151,0.493160427,0.504784854,1,away_win,-0.011624427,,Yes,,
https://www.premierleague.com/match/12388,0.495418878,0.501896241,1,away_win,-0.006477363,,Yes,,
https://www.premierleague.com/match/12402,0.479036047,0.498275007,0,home_win,-0.019238959,,No,,
https://www.premierleague.com/match/12303,0.52979715,0.498507504,2,draw,0.031289646,,Drawed,,
https://www.premierleague.com/match/12323,0.506382153,0.505979715,1,away_win,0.000402438,,No,,
https://www.premierleague.com/match/12326,0.49496517,0.4998825,0,home_win,-0.00491733,,No,,
https://www.premierleague.com/match/12412,0.501711243,0.495352634,1,away_win,0.006358609,,No,,
https://www.premierleague.com/match/12373,0.521562867,0.496390063,1,away_win,0.025172805,,No,,
https://www.premierleague.com/match/12227,0.488830608,0.50880409,0,home_win,-0.019973481,,No,,
https://www.premierleague.com/match/12446,0.458797396,0.50929268,1,away_win,-0.050495284,,Yes,,
https://www.premierleague.com/match/12307,0.469439392,0.504489879,0,home_win,-0.035050488,,No,,
https://www.premierleague.com/match/12290,0.515920866,0.49468895,1,away_win,0.021231916,,No,,
https://www.premierleague.com/match/12431,0.496241321,0.507285734,0,home_win,-0.011044413,,No,,
https://www.premierleague.com/match/12419,0.510813314,0.49487268,1,away_win,0.015940634,,No,,
https://www.premierleague.com/match/12179,0.50744195,0.498600004,0,home_win,0.008841947,,Yes,,
https://www.premierleague.com/match/12483,0.520638267,0.501641244,0,home_win,0.018997023,,Yes,,
https://www.premierleague.com/match/12468,0.526224663,0.499272501,0,home_win,0.026952162,,Yes,,
https://www.premierleague.com/match/12368,0.507089525,0.498121259,1,away_win,0.008968266,,No,,
https://www.premierleague.com/match/12214,0.491901958,0.504346141,0,home_win,-0.012444182,,No,,
https://www.premierleague.com/match/12178,0.516801172,0.496750046,2,draw,0.020051126,,Drawed,,
https://www.premierleague.com/match/12409,0.528314674,0.497786264,1,away_win,0.03052841,,No,,
https://www.premierleague.com/match/12345,0.481152684,0.503321201,2,draw,-0.022168517,,Drawed,,
https://www.premierleague.com/match/12309,0.510193587,0.497585019,0,home_win,0.012608569,,Yes,,
https://www.premierleague.com/match/12146,0.491437087,0.496367564,2,draw,-0.004930477,,Drawed,,
https://www.premierleague.com/match/12269,0.525394381,0.502608726,1,away_win,0.022785655,,No,,
https://www.premierleague.com/match/12418,0.535750141,0.502756222,0,home_win,0.032993919,,Yes,,
https://www.premierleague.com/match/12385,0.545688447,0.497407523,2,draw,0.048280924,,Drawed,,
https://www.premierleague.com/match/12167,0.496470059,0.498693753,0,home_win,-0.002223694,,No,,
https://www.premierleague.com/match/12170,0.483850619,0.503263704,2,draw,-0.019413084,,Drawed,,
https://www.premierleague.com/match/12278,0.515859678,0.49625257,2,draw,0.019607108,,Drawed,,
https://www.premierleague.com/match/12248,0.55220282,0.492034424,2,draw,0.060168396,,Drawed,,
https://www.premierleague.com/match/12362,0.481462251,0.506625862,0,home_win,-0.025163611,,No,,
https://www.premierleague.com/match/12331,0.441259995,0.514339816,0,home_win,-0.073079822,,No,,
https://www.premierleague.com/match/12241,0.52200827,0.488289642,1,away_win,0.033718628,,No,,
https://www.premierleague.com/match/12424,0.510560929,0.495358883,2,draw,0.015202046,,Drawed,,
https://www.premierleague.com/match/12343,0.522696891,0.498151258,1,away_win,0.024545633,,No,,
https://www.premierleague.com/match/12452,0.615648811,0.473208186,0,home_win,0.142440625,,Yes,,
https://www.premierleague.com/match/12195,0.468874051,0.504819851,0,home_win,-0.035945799,,No,,
